{
  "cv_rmse": 18.890643252652144,
  "cv_rmse_std": 0.43476714144013606,
  "cv_r2": 0.5927271391710807,
  "cv_r2_std": 0.028273820667649725,
  "cv_mae": 14.402184068023647,
  "cv_mae_std": 0.35958456763754365,
  "test_metrics": {
    "mae": 13.616312977978984,
    "rmse": 17.92802457618934,
    "r2": 0.636413154389049,
    "mape": 7527242018.586667,
    "mean_true": 45.11187999999999,
    "mean_pred": 44.97008514404297,
    "std_true": 29.73228983555757,
    "std_pred": 24.942129135131836,
    "prediction_distribution": {
      "0-20%": 386,
      "21-50%": 259,
      "51-75%": 782,
      "76-100%": 73
    },
    "ground_truth_distribution": {
      "0-20%": 458,
      "21-50%": 261,
      "51-75%": 492,
      "76-100%": 289
    }
  },
  "feature_columns": [
    "claim_word_count",
    "claim_token_count",
    "claim_clause_markers",
    "claim_dep_depth_max",
    "claim_dep_depth_mean",
    "claim_func_verb_density",
    "claim_struct_noun_density",
    "claim_abstraction_score",
    "claim_means_plus_function",
    "claim_interaction_density",
    "prod_token_count",
    "prod_component_terms",
    "prod_interaction_terms",
    "prod_functional_terms",
    "prod_functional_density",
    "semantic_similarity"
  ]
}